{
    "Orders": {
        "Order 1": {
            "Start Time": 0.2848734,
            "End Time": 36.3058048,
            "Total Time": 36.020931399999995
        },
        "Order 2": {
            "Start Time": 0.2854737,
            "End Time": 26.3080795,
            "Total Time": 26.0226058
        }
    },
    "TotalTime": 36,
    "AverageTime": 31
}