{
    "Orders": {
        "Order 1": {
            "Start Time": 0.1640449,
            "End Time": 36.1700218,
            "Total Time": 36.0059769
        },
        "Order 2": {
            "Start Time": 0.1642575,
            "End Time": 26.1670678,
            "Total Time": 26.0028103
        }
    },
    "TotalTime": 36,
    "AverageTime": 31
}